Time,Total Pss,Heap Size(J),Heap Alloc(J),Heap Free(J),Heap Size(N),Heap Alloc(N),Heap Free(N),FD,Views,ViewRootImpl,AppContexts,Activities,WebViews,Thread,HandlerThread,Bitmap,FBReader,InsertPageAdView,ExpressBaseAdView,OpenSSL Sockets,Parcel,Binder,Parcel count,Parcel memory,Local Binders,Proxy Binder,Death Recipients,VmPeak,VmSize,VmHWM,VmRSS,Threads
05-29 13:52:43,698126,89072,64512,24560,303772,291869,11902,553,2292,3,16,6,0,295,65,326,1,2,3,28,28,204,287,93,151,73,6,37136280,34764168,927772,838688,326
05-29 13:57:43,770050,98928,74352,24576,326128,314579,11548,620,2820,3,16,6,0,304,67,364,1,2,6,28,30,242,297,96,189,73,6,37136280,34862492,960632,869892,330
05-29 14:02:44,777976,98847,74271,24576,325456,313521,11934,580,2722,3,16,6,0,300,65,371,1,2,6,19,41,238,300,96,185,73,6,37136280,34864320,1000316,880744,326
05-29 14:07:45,749104,98964,74388,24576,386952,375191,11760,546,2733,3,16,6,0,294,65,383,1,2,6,36,70,219,286,93,166,73,6,37136280,34817592,1015044,944612,319
05-29 14:12:46,769647,99490,74914,24576,343588,326029,17558,576,2757,3,16,6,0,297,65,390,1,2,6,24,26,231,292,95,178,73,6,37136280,34919168,1015044,919216,324
05-29 14:17:46,748303,98882,74306,24576,304472,292800,11671,581,2857,3,16,6,0,297,65,366,1,3,8,23,29,199,292,95,146,73,6,37136280,34908180,1103228,847052,324
05-29 14:22:47,725424,97962,73386,24576,312196,297897,14298,517,2809,3,16,6,1,302,65,352,1,3,9,14,29,229,295,101,177,73,6,37136280,34980692,1103228,852244,329
05-29 14:27:48,773848,99109,74533,24576,332216,320476,11739,596,2837,3,17,6,0,305,68,361,1,3,8,24,27,220,293,95,167,74,6,37136280,35002812,1103228,896668,330
05-29 14:32:49,685630,105226,80651,24575,423400,409940,13459,549,2921,3,17,6,1,322,69,383,1,3,9,28,41,226,307,102,173,75,8,37136280,35224804,1121264,964436,340
05-29 14:37:50,779538,102796,78220,24576,404376,392056,12319,546,2989,3,17,6,0,306,69,387,1,3,8,22,69,250,337,158,197,74,6,37136280,35061212,1121264,957164,330
05-29 14:42:51,757153,102839,78263,24576,362664,350033,12630,547,2963,3,17,6,1,310,67,373,1,3,9,24,31,215,298,102,161,74,6,37136280,35179276,1121264,909328,332
05-29 14:47:52,773268,102185,77609,24576,340800,323710,17089,602,2955,3,17,6,0,306,68,378,1,3,8,24,25,227,294,95,173,74,6,37136280,35194136,1121264,909036,334
05-29 14:52:52,922624,104293,79717,24576,559924,546654,13269,542,3032,3,18,6,0,312,70,407,1,4,9,18,37,225,314,129,169,76,6,37136280,35585260,1239476,1113776,343
05-29 14:57:53,1376109,104849,80273,24576,1043364,1030113,13250,538,3022,3,18,6,0,315,70,405,1,4,9,28,32,225,314,129,169,76,6,37136280,36105028,1597996,1591252,345
05-29 15:02:54,1386278,104113,79537,24576,1052756,1038123,14632,528,3022,3,18,6,0,308,70,404,1,4,9,21,48,205,330,151,149,76,6,37136280,35965268,1663280,1601708,337
05-29 15:07:55,761808,103082,78506,24576,349556,324636,24921,535,3001,3,18,6,0,313,70,400,1,4,9,14,32,199,316,129,143,76,6,37136280,36070348,1673736,894796,343
05-29 15:12:57,1371734,103877,79301,24576,1050652,1036655,13996,530,3006,3,18,6,0,311,70,404,1,4,9,19,32,199,316,129,143,76,6,37136280,36035416,1673736,1584884,341
05-29 15:17:58,768631,104153,79577,24576,352592,327721,24879,537,3027,3,18,6,0,309,70,408,1,4,9,13,32,199,316,129,143,76,6,37136280,36000512,1673736,849824,339
05-29 15:22:58,1377516,105132,80556,24576,1046660,1032629,14030,553,3031,3,18,6,0,309,70,411,1,4,9,28,49,199,333,153,143,76,6,37136280,36018012,1673736,1547612,340
05-29 15:27:59,1429966,105951,81375,24576,1066632,1052519,14112,542,3039,3,18,6,0,308,70,412,1,4,9,34,41,199,325,142,143,76,6,37136280,36017948,1673736,1568032,340
05-29 15:33:00,1394807,105328,80752,24576,1048600,1034477,14122,550,3039,3,18,6,0,309,70,415,1,4,9,30,51,199,333,153,143,76,6,37136280,36018012,1673736,1541064,340
05-29 15:38:01,851060,105160,80584,24576,477056,463507,13548,558,3039,3,18,6,0,312,70,416,1,4,9,24,34,198,316,129,142,76,6,37136280,36070528,1673736,955008,343
05-29 15:43:02,1352849,108143,83583,24560,1055136,1041500,13635,543,3060,3,18,6,0,310,70,424,1,4,9,32,34,198,316,129,142,76,6,37136280,36035512,1673736,1521848,341
05-29 15:48:03,775032,105152,80576,24576,371720,358607,13112,554,3111,3,18,6,0,314,70,440,1,4,9,19,34,198,316,129,142,76,6,37136280,36122820,1673736,808976,346
05-29 15:53:11,1421216,106748,82172,24576,1073028,1059679,13348,543,3060,3,18,6,0,311,70,426,1,4,9,33,34,198,318,130,142,76,6,37136280,36109048,1673736,1510592,342
05-29 15:58:12,771956,104223,79647,24576,384868,371259,23848,545,3039,3,18,6,0,313,70,422,1,4,9,15,34,198,318,130,142,76,6,37136280,36124996,1673736,822928,343
05-29 16:03:13,1427411,105923,81363,24560,1043392,1029835,13556,542,3039,3,18,6,0,310,70,421,1,4,9,31,35,198,319,130,142,76,6,37136280,36089980,1673736,1486288,341
05-29 16:08:14,773515,104277,79701,24576,390276,376049,14227,543,3018,3,18,6,0,313,70,415,1,4,9,17,35,198,318,130,142,76,6,37136280,36159884,1673736,793620,345
05-29 16:13:15,768803,104078,79502,24576,349188,325012,24182,536,3018,3,18,6,0,314,70,416,1,4,9,14,35,198,318,130,142,76,6,37136280,36177704,1673736,754052,346
05-29 16:18:16,772602,104588,80012,24576,385180,361011,24168,542,3039,3,18,6,0,310,70,421,1,4,9,15,35,198,320,130,142,76,6,37136280,36090364,1673736,790712,341
05-29 16:23:17,1383130,106006,81430,24576,1054528,1040915,13612,545,3039,3,18,6,0,312,70,421,1,4,9,30,35,198,320,130,142,76,6,37136280,36125284,1673736,1458752,343
05-29 16:28:17,1393918,105892,81316,24576,1059104,1045825,13278,550,3039,3,18,6,0,313,70,423,1,4,9,34,35,198,320,130,142,76,6,37136280,36142768,1673736,1459784,344
05-29 16:33:18,1387514,105235,80659,24576,1048884,1035054,13829,543,3018,3,18,6,0,310,70,418,1,4,9,30,35,198,320,130,142,76,6,37136280,36072864,1673736,1433316,340
05-29 16:38:19,1392678,106281,81705,24576,1052956,1039717,13238,544,3060,3,18,6,0,314,70,426,1,4,9,33,35,198,320,130,142,76,6,37136280,36142864,1673736,1428336,344
05-29 16:43:20,1376741,106435,81859,24576,1055956,1042769,13187,545,3081,3,18,6,0,312,70,432,1,4,9,32,35,198,320,130,142,76,6,37136280,36108056,1673736,1432496,342
05-29 16:48:20,1379511,107129,82553,24576,1063456,1051106,12349,543,3102,3,18,6,0,321,70,438,1,4,9,35,35,198,322,131,142,76,6,37136280,36300060,1673736,1433980,353
05-29 16:53:21,1362157,106031,81455,24576,1042376,1028864,13512,538,3081,3,18,6,0,312,70,434,1,4,9,27,35,198,322,131,142,76,6,37136280,36142800,1673736,1424040,344
05-29 16:58:22,1381933,106152,81576,24576,1053884,1041141,12752,547,3039,3,18,6,0,312,70,426,1,4,9,40,35,198,322,131,142,76,6,37136280,36142816,1673736,1424752,344
05-29 17:03:23,1362008,105081,80505,24576,1052484,1038768,13715,540,3018,3,18,6,0,312,70,420,1,4,9,27,35,198,322,131,142,76,6,37136280,36125348,1673736,1429280,343
05-29 17:08:23,1372405,105513,80937,24576,1051056,1037113,13942,542,3018,3,18,6,0,309,70,420,1,4,9,30,35,198,322,131,142,76,6,37136280,36072880,1673736,1428808,340
05-29 17:13:24,1362249,105362,80786,24576,1045828,1031813,14014,547,2997,3,18,6,0,310,70,413,1,4,9,33,35,198,322,131,142,76,6,37136280,36090380,1673736,1412128,341
05-29 17:18:25,1381279,106346,81770,24576,1048448,1036330,12117,541,3018,3,18,6,0,316,70,421,1,4,9,40,35,198,322,131,142,76,6,37136280,36212600,1673736,1424748,348
05-29 17:23:25,1384671,105846,81270,24576,1053368,1039549,13818,543,3060,3,18,6,0,311,70,430,1,4,9,26,35,198,322,131,142,76,6,37136280,36107864,1673736,1430760,342
05-29 17:28:26,1374244,105401,80825,24576,1055112,1042476,12635,546,3018,3,18,6,0,315,70,422,1,4,9,33,35,198,322,131,142,76,6,37136280,36179488,1673736,1432660,346
05-29 17:33:27,1360340,105660,81084,24576,1037956,1023898,14058,536,3060,3,18,6,0,308,70,429,1,4,9,28,35,198,322,131,142,76,6,37136280,36055476,1673736,1407632,339
05-29 17:38:27,1373768,106090,81514,24576,1053216,1039581,13635,550,3060,3,18,6,0,310,70,430,1,4,9,33,35,198,322,131,142,76,6,37136280,36090524,1673736,1427024,341
05-29 17:43:28,1384936,105925,81349,24576,1054660,1041400,13259,536,3060,3,18,6,0,313,70,431,1,4,9,30,36,198,322,131,142,76,6,37136280,36125524,1673736,1435672,343
05-29 17:48:29,1368281,106807,82231,24576,1051108,1038094,13013,548,3102,3,18,6,0,314,70,438,1,4,9,32,36,198,322,131,142,76,6,37136280,36160444,1673736,1409464,345
05-29 17:53:34,1410900,106425,81849,24576,1060896,1047776,13119,545,3060,3,18,6,0,311,70,430,1,4,9,31,36,198,322,131,142,76,6,37136280,36125364,1673736,1377244,343
05-29 17:58:35,772807,104952,80376,24576,394384,381348,13035,541,3039,3,18,6,0,314,70,426,1,4,9,21,34,198,322,131,142,76,6,37136280,36177752,1673736,718536,346
05-29 18:03:36,1383870,105624,81048,24576,1053912,1040172,13739,551,3060,3,18,6,0,312,70,432,1,4,9,28,34,196,322,131,140,76,6,37136280,36142888,1673736,1366112,344
05-29 18:08:37,1334646,106473,81897,24576,1055332,1042147,13185,540,3081,3,18,6,0,312,70,436,1,4,9,34,34,196,322,131,140,76,6,37136280,36125412,1673736,1368600,343
05-29 18:13:37,1387402,106101,81525,24576,1061392,1047537,13855,539,3102,3,18,6,0,310,70,441,1,4,9,26,34,196,322,131,140,76,6,37136280,36073008,1673736,1355520,340
05-29 18:18:38,866603,108133,83557,24576,460976,449939,11036,567,3182,3,18,6,0,327,72,447,1,4,9,31,36,200,330,133,144,76,6,37136280,36308408,1673736,793224,354
05-29 18:23:39,805414,108421,83845,24576,408820,395881,12938,542,3229,3,18,6,0,325,72,436,1,4,9,20,36,224,328,132,168,76,6,37136280,36285040,1673736,774508,352
05-29 18:28:40,809055,108117,83541,24576,402376,391877,10498,524,3218,3,18,6,0,324,71,444,1,4,9,10,35,214,340,135,158,76,6,37136280,36331380,1673736,774248,355
05-29 18:33:41,1159883,107065,82489,24576,794916,782816,12099,518,3176,3,18,6,0,320,71,438,1,4,9,6,82,207,352,138,151,76,6,37136280,36247832,1673736,1158148,350
05-29 18:38:42,842243,106406,81830,24576,449360,436848,12512,523,3078,3,18,6,0,321,70,417,1,4,9,4,79,207,352,138,151,76,6,37136280,36284456,1673736,802544,352
05-29 18:43:43,830566,107933,83357,24576,445640,429474,16165,506,3065,3,18,6,0,315,70,414,1,4,9,3,78,200,382,199,144,76,6,37136280,36177968,1673736,785748,346
05-29 18:48:44,798433,108796,84220,24576,421196,407540,13656,559,3113,3,18,6,0,325,71,417,1,4,9,33,75,203,330,133,147,76,6,37136280,36316708,1673736,796920,353
05-29 18:53:45,854913,111128,86552,24576,427360,407408,19951,600,3307,3,18,6,0,337,75,484,1,4,10,30,37,210,332,133,154,76,6,37136280,36393244,1673736,836848,357
05-29 18:58:46,900195,115472,90896,24576,424764,414097,10666,644,3457,3,18,6,0,342,73,486,1,4,10,31,79,243,346,137,187,76,6,37136280,36604436,1673736,836876,366
05-29 19:03:47,813895,109752,85176,24576,424220,408498,15721,552,3255,3,18,6,0,326,72,441,1,4,10,21,34,225,336,134,170,76,6,37136280,36341876,1673736,800992,352
05-29 19:08:47,845525,108988,84412,24576,423244,407076,16167,630,3236,3,18,6,1,336,76,442,1,4,11,25,40,246,333,134,189,77,6,37136280,36496004,1673736,826884,358
05-29 19:13:48,786315,105876,81300,24576,396792,379770,17021,559,3150,3,18,6,0,323,72,416,1,4,10,19,32,235,332,133,179,76,6,37136280,36299616,1673736,780892,349
05-29 19:18:49,812651,106580,82004,24576,407256,392935,14320,561,3122,3,18,6,0,327,72,419,1,4,10,24,35,239,336,134,183,76,6,37136280,36343772,1673736,795580,352
05-29 19:23:50,790202,108492,83916,24576,382152,368000,14151,549,3200,3,18,6,0,325,73,427,1,4,10,25,110,242,341,149,187,76,6,37136280,36334600,1673736,773620,351
05-29 19:28:51,771661,109597,85021,24576,372368,357700,14667,567,3257,3,18,6,1,321,73,428,1,4,11,17,47,278,327,132,222,77,6,37136280,36299984,1673736,762592,347
05-29 19:33:52,799089,115959,91383,24576,414456,399997,14458,555,3423,3,18,6,0,320,72,448,1,4,10,21,84,230,327,132,175,76,6,37136280,36240680,1673736,807456,346
05-29 19:38:53,843151,114769,90193,24576,444136,429409,14726,553,3348,3,18,6,0,324,72,447,1,4,10,22,45,223,330,133,167,76,6,37136280,36301408,1673736,825200,350
05-29 19:43:54,810618,118333,93757,24576,401760,386356,15403,567,3463,3,18,6,0,325,73,434,1,4,10,24,47,237,328,132,181,76,6,37136280,36318588,1673736,804712,351
05-29 19:48:55,910835,119775,95199,24576,518044,505126,12917,609,3448,3,18,6,0,349,74,467,1,4,10,36,52,235,338,135,179,78,6,37136280,36710724,1673736,916420,372
05-29 19:54:02,869172,118205,93629,24576,409772,392619,17153,600,3412,3,18,6,0,326,72,438,1,4,10,20,45,209,335,134,153,76,6,37136280,36366392,1673736,801832,353
05-29 19:59:03,817680,115335,90759,24576,389068,373439,15628,548,3355,3,18,6,0,329,72,439,1,4,10,15,43,250,335,134,195,76,6,37136280,36430024,1673736,775684,357
05-29 20:04:04,826019,113087,88511,24576,366752,350991,15760,561,3220,3,18,6,0,322,71,407,1,4,10,17,41,220,326,132,164,76,6,37136280,36309556,1673736,750588,350
05-29 20:09:05,815580,111767,87191,24576,384680,369938,14741,551,3250,3,18,6,0,332,73,404,1,4,10,17,56,232,345,150,177,76,6,37136280,36420820,1673736,780192,357
05-29 20:14:06,820125,112618,88058,24560,361312,347212,14099,588,3277,3,18,6,0,330,72,419,1,4,10,14,42,246,332,133,190,76,6,37136280,36411748,1673736,751724,356
05-29 20:19:07,820529,112912,88336,24576,410492,395437,15054,597,3265,3,18,6,0,325,72,428,1,4,10,20,46,217,326,132,161,76,6,37136280,36327600,1673736,799120,351
05-29 20:24:08,867745,117747,93171,24576,446840,433700,13139,639,3411,3,18,6,1,340,75,428,1,4,11,31,91,256,339,135,199,77,6,37136280,36787332,1673736,859292,365
05-29 20:29:09,791464,114466,89890,24576,354196,337789,16406,560,3198,3,18,6,0,322,71,433,1,4,10,19,41,231,328,132,175,76,6,37136280,36492128,1673736,740304,353
05-29 20:34:10,852502,113331,88755,24576,434296,420732,13563,599,3446,3,18,6,0,334,74,458,1,4,10,26,43,212,336,134,156,76,6,37136280,36609796,1673736,821180,359
05-29 20:39:11,839059,115519,90943,24576,378836,364306,14529,620,3517,3,18,6,1,331,77,432,1,4,11,26,91,238,331,133,180,77,6,37136280,36554600,1673736,780184,355
05-29 20:44:12,791654,114789,90213,24576,350400,337730,12669,732,3395,3,18,6,1,326,73,445,1,4,11,16,100,241,329,133,186,77,8,37136280,36729436,1673736,757264,354
05-29 20:49:13,826565,125747,101171,24576,350304,339123,11180,751,3338,3,18,6,1,342,72,438,1,4,11,25,44,255,337,135,200,77,8,37136280,36914832,1673736,774268,368
05-29 20:54:14,816213,117657,93081,24576,375156,363689,11466,586,3445,3,18,6,1,342,73,440,1,4,11,21,47,236,339,135,179,77,6,37136280,36826664,1673736,779752,369
05-29 20:59:15,794904,112463,87887,24576,368428,353469,14958,575,3232,3,18,6,0,325,72,445,1,4,10,22,54,271,329,133,216,76,6,37225656,36513296,1673736,773164,355
05-29 21:04:16,818577,112796,88220,24576,433004,414900,18104,566,3267,3,18,6,0,334,73,446,1,4,10,22,50,264,337,135,208,76,6,37225656,36644328,1673736,863800,361
05-29 21:09:17,834355,112260,87684,24576,441632,427374,14257,572,3241,3,18,6,0,336,73,449,1,4,10,22,47,222,333,134,167,76,6,37225656,36685512,1673736,872328,364
05-29 21:14:18,805598,114910,90334,24576,400616,385470,15145,595,3223,3,18,6,1,324,73,441,1,4,11,17,47,234,329,133,177,77,6,37225656,36513936,1673736,804152,352
05-29 21:19:19,798692,117751,93175,24576,400840,388387,12452,576,3564,3,18,6,0,334,71,439,1,4,10,23,54,257,336,134,201,76,6,37225656,36646584,1673736,803872,362
05-29 21:24:20,806559,113097,88521,24576,382284,367900,14383,617,3375,3,18,6,1,329,75,436,1,4,11,22,86,221,329,133,162,77,6,37225656,36592908,1673736,789836,356
05-29 21:29:21,788002,113169,88593,24576,358388,344340,14047,709,3396,3,18,6,1,326,72,436,1,4,11,22,41,230,329,133,175,77,8,37225656,36676220,1673736,765688,354
05-29 21:34:22,798012,121270,96694,24576,335632,323421,12210,716,3416,3,18,6,1,333,74,444,1,4,11,15,44,256,333,134,200,80,8,37225656,36722412,1673736,758096,358
05-29 21:39:23,868306,115968,91392,24576,490468,467793,22674,613,3454,3,18,6,0,332,74,442,1,4,10,25,50,238,341,135,183,78,6,37225656,36600892,1673736,922544,359
05-29 21:44:24,812469,113691,89115,24576,418260,402937,15322,562,3400,3,18,6,0,326,73,428,1,4,10,17,44,258,330,133,202,76,6,37225656,36500892,1673736,809332,353
05-29 21:49:25,800645,111820,87244,24576,356372,341540,14831,601,3307,3,18,6,1,330,73,423,1,4,11,23,100,225,335,134,168,77,6,37225656,36578320,1673736,759540,357
05-29 21:54:33,778828,111417,86841,24576,344340,330943,13396,661,3334,3,18,6,1,332,74,424,1,4,11,11,56,245,353,155,189,78,8,37225656,36739944,1673736,739468,360
05-29 21:59:34,835779,113790,89214,24576,390200,369978,20221,614,3348,3,18,6,0,330,72,434,1,4,10,25,86,247,336,134,191,76,6,37225656,36571868,1673736,794456,357
05-29 22:04:35,812788,112386,87810,24576,371164,354860,16303,589,3287,3,18,6,1,323,74,426,1,4,11,13,47,238,329,133,180,77,6,37225656,36525860,1673736,755608,351
05-29 22:09:36,792688,110862,86286,24576,411956,396531,15425,566,3290,3,18,6,0,328,72,430,1,4,10,18,67,241,338,135,185,76,6,37225656,36532448,1673736,789340,355
05-29 22:14:38,793353,114347,89771,24576,349928,338370,11557,690,3351,3,18,6,2,337,74,441,1,4,12,26,43,224,341,136,168,78,8,37225656,36762032,1673736,819176,360
05-29 22:19:39,794925,113056,88480,24576,369700,353242,16457,594,3287,3,18,6,1,326,75,444,1,4,11,13,77,240,333,134,180,77,6,37225656,36516872,1673736,760916,353
05-29 22:24:39,827727,116489,91913,24576,400960,387071,13888,611,3606,3,18,6,0,334,72,447,1,5,11,17,42,204,340,135,148,76,6,37225656,36649344,1673736,787488,362
05-29 22:29:40,785924,114434,89858,24576,355192,341730,13461,726,3626,3,18,6,1,330,73,446,1,5,12,16,57,255,337,135,199,78,8,37225656,36802244,1673736,748264,358
05-29 22:34:41,802495,117124,92548,24576,358952,348060,10891,783,3695,3,18,6,1,343,76,443,1,5,12,17,44,261,335,134,204,77,8,37225656,36984336,1673736,769880,366
05-29 22:39:42,828960,116719,92143,24576,437272,421490,15781,573,3692,3,18,6,0,326,72,456,1,5,11,21,46,255,336,134,199,76,6,37225656,36518720,1673736,825736,354
05-29 22:44:44,797019,115489,90913,24576,383224,364766,18459,554,3644,3,18,6,0,319,72,448,1,5,11,10,43,251,331,133,196,76,6,37225656,36402992,1673736,766548,348
05-29 22:49:45,817547,116798,92222,24576,425600,409107,16492,564,3671,3,18,6,0,322,72,449,1,5,11,24,46,251,332,133,195,76,6,37225656,36487016,1673736,810832,352
05-29 22:54:46,804342,116607,92031,24576,393564,379303,14260,561,3663,3,18,6,0,315,72,446,1,5,11,19,45,226,332,133,170,76,6,37225656,36376912,1673736,793528,346
05-29 22:59:47,802388,132540,107964,24576,362848,347969,14878,573,3742,3,18,6,1,327,72,451,1,5,12,20,45,255,335,134,200,77,8,37225656,36505712,1673736,746112,353
05-29 23:04:48,828247,119959,95383,24576,402244,385952,16292,621,3740,3,18,6,0,321,73,446,1,5,11,21,55,225,330,133,169,76,6,37225656,36429864,1673736,804040,350
05-29 23:09:49,836931,121294,96718,24576,442260,427516,14745,570,3760,3,18,6,0,326,72,457,1,5,11,20,45,233,336,134,177,76,6,37225656,36525776,1673736,837232,355
05-29 23:14:50,823126,119040,94464,24576,428704,412500,16204,568,3672,3,18,6,0,322,72,443,1,5,11,20,45,242,338,135,186,76,6,37225656,36455420,1673736,810896,351
05-29 23:19:51,829873,119476,94900,24576,403172,387377,15794,611,3627,3,18,6,1,328,75,432,1,5,12,20,89,273,377,197,213,77,6,37225656,36522192,1673736,809120,352
05-29 23:24:52,797566,118067,93491,24576,350072,336399,13672,713,3626,3,18,6,1,330,74,430,1,5,12,13,43,246,337,135,188,77,8,37225656,36749084,1673736,754120,356
05-29 23:29:53,809233,118521,93945,24576,414352,399170,15181,571,3497,3,18,6,0,327,73,427,1,5,11,31,87,257,338,135,201,76,6,37225656,36525420,1673736,812684,355
05-29 23:34:54,788115,120290,95714,24576,382796,369522,13273,692,3667,3,18,6,1,329,73,443,1,5,12,23,86,248,337,135,190,77,8,37225656,36712664,1673736,798888,357
05-29 23:39:55,851340,121229,96653,24576,400700,386884,13815,622,3687,3,18,6,0,332,72,450,1,5,11,23,46,243,342,136,187,76,6,37225656,36607428,1673736,800816,360
05-29 23:44:56,837727,121582,97006,24576,442128,428045,14082,556,3705,3,18,6,0,320,72,457,1,5,11,24,42,241,338,135,185,76,6,37225656,36418168,1673736,838436,349
05-29 23:49:58,848087,124074,99498,24576,392736,380521,12214,624,3916,3,18,6,0,327,72,459,1,5,11,29,47,227,334,134,171,76,6,37225656,36523488,1673736,783876,355
05-29 23:55:05,832888,118192,93616,24576,439172,422857,16316,565,3671,3,18,6,0,324,72,447,1,5,11,16,43,219,334,134,163,76,6,37225656,36384776,1673736,824224,347
05-30 00:00:07,804676,115955,91379,24576,393376,379384,13991,605,3603,3,18,6,1,324,73,440,1,5,12,20,56,231,335,134,174,77,6,37225656,36550468,1673736,781600,353
05-30 00:05:08,840893,117235,92659,24576,377252,362802,14449,612,3623,3,18,6,0,330,73,440,1,5,11,17,43,254,339,135,198,76,6,37225656,36554108,1673736,777740,356
05-30 00:10:09,838091,118071,93495,24576,438028,421907,16120,578,3681,3,18,6,0,338,72,458,1,5,11,23,45,275,347,137,219,76,6,37225656,36508040,1673736,835700,353
05-30 00:15:10,846110,120756,96180,24576,384100,370285,13814,612,3701,3,18,6,0,329,72,453,1,5,11,18,42,206,350,138,150,76,6,37225656,36597220,1673736,773444,358
05-30 00:20:11,845770,121177,96601,24576,371620,357763,13856,616,3693,3,18,6,0,330,72,433,1,5,11,26,45,239,342,136,183,76,6,37225656,36599188,1673736,760348,359
05-30 00:25:12,859718,123565,98989,24576,404948,392748,12199,622,3657,3,18,6,0,331,72,447,1,5,11,22,43,205,346,137,149,76,6,37225656,36650580,1673736,795132,361
05-30 00:30:13,842467,127093,102517,24576,368984,355603,13380,629,3806,3,18,6,0,335,72,445,1,5,11,24,44,214,346,137,158,76,6,37225656,36660184,1673736,755324,362
05-30 00:35:14,844068,126362,101786,24576,383148,367605,15542,601,3850,3,18,6,0,322,72,454,1,5,11,14,42,227,342,136,171,76,6,37225656,36473380,1673736,775804,351
05-30 00:40:15,843112,126439,101863,24576,445164,428803,16361,584,3832,3,18,6,0,326,72,449,1,5,11,26,44,203,344,136,147,76,6,37225656,36536132,1673736,828800,355
05-30 00:45:17,850372,124290,99714,24576,411944,398285,13658,618,3842,3,18,6,0,333,74,456,1,5,11,23,44,218,346,137,162,76,6,37225656,36661296,1673736,800628,362
05-30 00:50:18,864340,127950,103374,24576,420280,401870,18409,628,3734,3,18,6,0,343,73,457,1,5,11,24,43,213,350,138,157,76,6,37225656,36835656,1673736,814692,372
05-30 00:55:19,847024,121767,97207,24560,440668,423957,16710,612,3627,3,18,6,0,323,73,448,1,5,11,27,46,235,350,138,179,78,6,37225656,36523664,1673736,820828,354
05-30 01:00:20,807080,121689,97113,24576,409412,393213,16198,588,3611,3,18,6,0,323,72,423,1,5,11,26,45,212,342,136,156,76,6,37225656,36516408,1673736,787672,354
05-30 01:05:21,934908,123286,98710,24576,487656,467595,20060,654,3761,3,18,6,0,332,73,439,1,5,11,23,47,223,350,138,167,78,6,37225656,36626916,1673736,891104,360
05-30 01:10:22,919424,124047,99471,24576,442972,429617,13354,611,3920,3,18,6,0,329,72,451,1,5,11,19,46,231,344,136,175,76,6,37225656,36563312,1673736,824176,357
05-30 01:15:23,851922,125376,100800,24576,404400,392087,12312,621,3941,3,18,6,0,335,73,455,1,5,11,27,67,276,337,135,220,76,6,37225656,36629940,1673736,801816,361
05-30 01:20:24,881910,122229,97653,24576,449792,434531,15260,611,3860,3,18,6,1,331,73,474,1,6,13,26,46,229,347,137,172,77,6,37225656,36621288,1673736,850072,358
05-30 01:25:26,867387,124916,100340,24576,488640,474100,14539,572,3745,3,18,6,0,336,74,471,1,5,11,22,48,250,348,137,194,76,6,37225656,36653224,1673736,913232,362
05-30 01:30:27,821845,123936,99360,24576,379560,363099,16460,589,3599,3,18,6,1,327,73,453,1,5,12,15,45,276,341,136,219,77,6,37225656,36563756,1673736,782716,353
05-30 01:35:28,866332,139058,114482,24576,429528,417467,12061,614,4264,3,18,6,0,342,73,493,1,6,12,26,85,234,351,138,179,76,6,37225656,36752992,1673736,827096,368
05-30 01:40:29,863372,134142,109566,24576,420352,407775,12577,619,3923,3,18,6,0,341,72,477,1,5,11,25,44,211,352,138,155,76,6,37225656,36814460,1673736,849812,371
05-30 01:45:30,838083,129629,105053,24576,387572,373925,13646,674,3807,3,18,6,1,331,72,484,1,5,12,13,41,226,347,137,169,80,8,37225656,36800380,1673736,778284,359
05-30 01:50:31,901430,137622,113046,24576,438920,412780,26139,625,4137,3,18,6,0,344,72,482,1,5,11,24,43,239,350,138,183,76,6,37225656,36843004,1673736,887460,374
05-30 01:55:39,873766,138551,113975,24576,432324,418208,14115,580,4545,3,18,6,0,346,72,511,1,5,11,22,48,246,355,139,190,76,6,37225656,36860112,1673736,879044,374
05-30 02:00:40,854840,132246,107670,24576,391752,375799,15952,616,3974,3,18,6,0,336,72,482,1,5,11,19,42,218,352,138,162,76,6,37225656,36687224,1673736,788472,364
05-30 02:05:41,853584,129325,104749,24576,437876,422835,15040,562,4123,3,18,6,0,334,73,528,1,6,12,14,43,245,352,138,189,76,6,37225656,36636100,1673736,819800,361
05-30 02:10:43,1098168,141309,116733,24576,683048,670038,13009,622,4298,3,18,6,0,344,78,552,1,5,11,37,94,257,356,139,201,76,6,37225656,36809312,1673736,1072084,367
05-30 02:15:44,922805,136780,112220,24560,475408,457137,18270,615,4290,3,18,6,0,339,75,484,1,5,11,23,47,233,356,139,177,76,6,37225656,36764568,1673736,886200,365
05-30 02:20:45,878355,135620,111044,24576,432916,418024,14891,583,4159,3,18,6,0,345,73,485,1,5,11,22,42,230,362,141,174,76,6,37225656,36915784,1673736,814384,373
05-30 02:25:46,922199,139412,114836,24576,470688,457699,12988,612,4242,3,18,6,0,340,74,513,1,5,11,21,85,252,360,140,196,76,6,37225656,36817564,1673736,863448,368
05-30 02:30:47,931485,136005,111429,24576,505104,489230,15873,615,4207,3,18,6,0,336,76,512,1,5,11,24,46,228,356,139,172,76,6,37225656,36722804,1673736,891292,362
05-30 02:35:49,960177,144266,119690,24576,518684,505161,13522,631,4592,3,18,6,0,341,77,520,1,5,11,25,48,224,360,140,168,78,6,37225656,36779088,1673736,920012,365
05-30 02:40:50,998485,145742,121166,24576,599896,583723,16172,593,4801,3,18,6,0,338,77,545,1,5,11,32,70,250,374,158,194,76,6,37225656,36763240,1673736,994140,364
05-30 02:45:51,962401,149864,125288,24576,501784,486115,15668,591,4951,3,18,6,0,347,77,520,1,5,11,33,89,248,366,142,192,76,6,37225656,36938428,1673736,992520,374
05-30 02:50:53,1043227,156162,131586,24576,624988,612699,12288,639,5201,3,18,6,0,350,79,552,1,6,12,33,49,240,380,148,184,78,6,37225656,36951028,1673736,1024324,375
05-30 02:55:54,1064531,149406,124831,24575,585404,567062,18341,672,4610,3,18,6,0,343,80,531,1,5,11,27,87,236,412,206,180,76,6,37310476,37001868,1673736,997972,371
05-30 03:00:55,1060224,154770,130194,24576,624744,605683,19060,605,5007,3,18,6,0,356,80,552,1,5,11,28,45,224,365,142,168,76,6,37310476,36874824,1673736,1029944,366
05-30 03:05:56,1124795,151470,126894,24576,668132,641798,26337,663,4601,3,18,6,0,340,81,529,1,5,11,22,45,262,366,142,206,76,6,37310476,36909980,1673736,1055668,368
05-30 03:10:58,1030297,152441,127865,24576,584988,571393,13595,636,4850,3,18,6,0,349,79,530,1,5,11,28,52,236,374,144,180,76,6,37310476,37088048,1673736,1008296,378
05-30 03:15:59,1013443,153494,128918,24576,589468,575692,13775,603,5059,3,18,6,0,346,79,545,1,5,11,23,43,240,366,142,184,76,6,37310476,37038512,1673736,996680,375
05-30 03:21:00,1011788,145689,121113,24576,562324,544819,17504,630,4425,3,18,6,0,338,79,488,1,5,11,18,44,238,368,142,182,78,6,37310476,36898284,1673736,948572,367
05-30 03:26:02,1063975,152183,127607,24576,634792,619532,15259,631,4782,3,18,6,0,347,81,515,1,5,11,31,88,221,408,205,165,76,6,37310476,37038276,1673736,1028572,375
05-30 03:31:03,1020287,148686,124110,24576,538532,523063,15468,647,4592,3,18,6,0,344,79,531,1,5,11,23,43,212,372,143,156,76,6,37310476,37020484,1673736,924476,374
05-30 03:36:04,1005879,152435,127859,24576,572336,558266,14069,633,4709,3,18,6,0,342,79,539,1,5,11,29,92,219,368,142,163,76,6,37310476,36978644,1673736,973640,372
05-30 03:41:06,1056958,157650,133074,24576,642872,623500,19371,643,4680,3,18,6,0,346,81,528,1,5,11,33,85,242,369,143,186,78,6,37310476,36961540,1673736,1023232,371
05-30 03:46:07,1087938,159024,134448,24576,625924,610394,15529,662,4685,3,18,6,0,342,81,521,1,5,11,23,87,236,368,142,180,76,6,37310476,36927888,1673736,1041240,369
05-30 03:51:08,1029946,154675,130099,24576,605276,591174,14102,608,4963,3,18,6,0,350,80,538,1,5,11,26,42,240,370,143,184,76,6,37310476,37122764,1673736,1001452,380
05-30 03:56:17,1069736,153960,129384,24576,622720,607823,14896,673,4731,3,18,6,0,341,81,512,1,5,11,24,44,224,369,142,168,76,6,37413224,36951076,1673736,1011000,370
05-30 04:01:18,1080948,159217,134641,24576,657900,644613,13286,599,5177,3,18,6,0,347,82,558,1,5,11,22,42,224,374,144,168,76,6,37413224,37038292,1673736,1044652,375
05-30 04:06:19,1095590,154698,130122,24576,652208,627013,25194,678,4642,3,18,6,0,344,82,502,1,5,11,23,47,222,380,145,166,76,6,37413224,36982856,1673736,1057444,373
05-30 04:11:21,1168061,163770,139194,24576,754108,739823,14284,650,5019,3,18,6,0,346,83,541,1,5,11,26,43,230,374,144,174,76,6,37413224,37033788,1673736,1132752,375
05-30 04:16:23,1176613,163598,139022,24576,803460,786448,16953,637,5042,3,18,6,0,342,85,545,1,5,11,20,43,233,374,144,177,76,6,37413224,37067512,1673736,1176940,371
05-30 04:21:24,1125989,164946,140370,24576,694768,679814,14954,613,5271,3,18,6,0,345,82,570,1,5,11,24,43,230,376,144,174,76,6,37413224,37145968,1673736,1086416,376
05-30 04:26:26,1166129,161150,136574,24576,692436,676830,15605,690,4947,3,18,6,0,351,84,533,1,5,11,23,42,244,386,147,188,76,6,37413224,37254340,1673736,1072968,382
05-30 04:31:27,1137925,161273,136697,24576,717860,703396,14463,641,4997,3,18,6,0,345,83,543,1,5,11,19,45,247,381,146,191,76,6,37413224,37120264,1673736,1101508,374
05-30 04:36:29,1181289,164457,139881,24576,732984,720953,12030,632,5127,3,18,6,0,350,85,559,1,5,11,22,45,244,374,144,188,76,6,37474796,37206012,1673736,1127516,379
05-30 04:41:30,1159029,161978,137402,24576,728112,714253,13859,604,5039,3,18,6,0,347,83,562,1,5,11,20,42,220,380,145,164,76,6,37474796,37171392,1673736,1109832,377
05-30 04:46:32,1238334,168382,143806,24576,799624,783189,16434,688,5158,3,18,6,0,349,86,570,1,5,11,24,46,230,380,145,174,76,6,37474796,37169564,1673736,1198784,377
05-30 04:51:33,1242402,166481,141905,24576,874836,859701,15134,652,5109,3,18,6,0,347,87,587,1,5,11,22,87,242,384,146,186,76,6,37474796,37201944,1673736,1241272,379
05-30 04:56:35,1301114,174909,150333,24576,848564,832659,15904,689,5473,3,18,6,0,356,87,611,1,5,11,27,51,228,388,147,172,78,6,37474796,37183752,1673736,1207648,378
05-30 05:01:36,1223650,168092,143516,24576,774852,758115,16736,684,5095,3,18,6,0,354,87,568,1,5,11,31,88,218,386,147,162,76,6,37474796,37246148,1673736,1149236,381
05-30 05:06:38,1196894,166112,141536,24576,784500,770434,14066,616,5320,3,18,6,0,352,85,592,1,5,11,23,43,245,380,145,189,76,6,37474796,37212872,1673736,1145420,380
05-30 05:11:39,1220467,170127,145551,24576,790888,778201,12686,611,5431,3,18,6,0,354,86,603,1,5,11,27,43,240,386,147,184,76,6,37474796,37277096,1673736,1169628,383
05-30 05:16:41,1226085,167808,143232,24576,771072,756731,14340,689,5404,3,18,6,0,354,87,577,1,5,11,27,94,238,390,148,182,76,6,37500972,37258880,1673736,1190100,382
05-30 05:21:42,1218753,169992,145416,24576,763848,747767,16080,662,5287,3,18,6,0,348,86,551,1,5,11,28,43,237,386,147,181,78,6,37500972,37166544,1673736,1144924,377
05-30 05:26:44,1206375,166187,141611,24576,786640,767703,18936,613,5055,3,18,6,0,347,85,553,1,5,11,20,43,226,382,146,170,76,6,37529884,37186724,1673736,1147204,378
05-30 05:31:45,1235847,166484,141908,24576,808308,791283,17024,659,5196,3,18,6,0,345,87,557,1,5,11,21,44,228,382,146,172,76,6,37529884,37110548,1673736,1190984,374
05-30 05:36:47,1193027,167419,142859,24560,766356,749670,16685,600,5120,3,18,6,0,348,85,558,1,5,11,17,44,237,384,146,181,76,6,37529884,37165832,1673736,1135496,377
05-30 05:41:48,1234855,168044,143468,24576,758524,740382,18141,651,5477,3,18,6,0,351,87,551,1,5,11,24,51,226,390,148,170,76,6,37529884,37189612,1673736,1157116,378
05-30 05:46:50,1248807,175376,150800,24576,748776,721328,27447,691,5205,3,18,6,0,350,87,542,1,5,11,30,87,239,388,147,183,76,6,37529884,37202064,1673736,1134160,379
05-30 05:51:51,1218687,168745,144169,24576,790956,775140,15815,603,5188,3,18,6,0,352,85,568,1,5,11,18,44,237,382,146,181,76,6,37529884,37288492,1673736,1172096,384
05-30 05:57:00,1235078,171861,147285,24576,748800,728847,19952,651,5093,3,18,6,0,349,87,559,1,5,11,18,41,235,381,146,180,76,6,37529884,37191512,1673736,1032456,377
05-30 06:02:02,1208520,170386,145810,24576,794204,779348,14855,619,5219,3,18,6,0,343,85,575,1,5,11,32,44,245,372,143,189,76,6,37529884,37172000,1673736,1095380,375
05-30 06:07:03,1215826,171021,146445,24576,773720,755074,18645,640,5238,3,18,6,1,344,86,590,1,5,12,24,48,241,385,147,185,77,6,37543832,37135780,1673736,1052316,373
05-30 06:12:05,1194696,165222,140646,24576,760560,738366,22193,598,4848,3,18,6,0,342,85,537,1,5,11,14,42,239,382,146,183,76,6,37543832,37038068,1673736,1008644,370
05-30 06:17:06,1197676,164564,139988,24576,756632,735562,21069,651,4872,3,18,6,1,341,89,540,1,5,12,16,50,251,379,145,184,77,6,37543832,37000020,1673736,1043876,365
05-30 06:22:08,1225022,169533,144957,24576,714996,689961,25034,662,4918,3,18,6,0,352,86,553,1,5,11,26,83,228,378,145,172,76,6,37543832,37244420,1673736,989460,382
05-30 06:27:09,1226234,166544,141968,24576,794260,775323,18936,607,4976,3,18,6,0,341,87,564,1,5,11,17,45,251,378,145,195,76,6,37543832,37017324,1673736,967204,368
05-30 06:32:11,1273769,168102,143526,24576,802396,783302,19093,699,5075,3,18,6,0,361,87,572,1,5,11,34,92,262,388,147,207,76,6,37543832,37353956,1673736,997564,388
05-30 06:37:12,1200979,164168,139592,24576,779928,761665,18262,593,4903,3,18,6,0,339,86,557,1,5,11,14,47,256,378,145,200,76,6,37543832,37044708,1673736,917312,369
05-30 06:42:14,1190990,164558,139982,24576,727788,708225,19562,637,4873,3,18,6,1,348,87,559,1,5,12,17,48,272,375,144,215,77,6,37543832,37144576,1673736,885140,374
05-30 06:47:15,1228783,166878,142302,24576,734384,717302,17081,658,4981,3,18,6,0,337,86,559,1,5,11,23,43,262,380,145,206,76,6,37543832,36969900,1673736,899312,366
05-30 06:52:17,1234739,169355,144779,24576,765024,749663,15360,655,4982,3,18,6,0,352,86,560,1,5,11,28,45,287,384,146,231,76,6,37543832,37203136,1673736,915340,380
05-30 06:57:18,1184033,167348,142772,24576,745872,729854,16017,610,5166,3,18,6,0,351,87,549,1,5,11,19,45,257,381,146,201,76,6,37543832,37174316,1673736,878284,378
05-30 07:02:20,1184237,168179,143603,24576,731456,712682,29013,624,5020,3,18,6,0,343,85,580,1,5,11,21,43,235,374,144,179,76,6,37543832,37033652,1673736,862808,371
05-30 07:07:21,1201809,168074,143498,24576,779392,760904,18487,611,5033,3,18,6,0,350,87,568,1,5,11,18,45,249,382,146,193,76,6,37543832,37141184,1673736,918552,376
05-30 07:12:23,1185233,165693,141117,24576,753276,731920,21355,642,4942,3,18,6,1,346,89,563,1,5,12,19,46,290,375,144,231,77,6,37571532,37112760,1673736,894920,372
05-30 07:17:24,1222369,170520,145944,24576,772324,756554,15776,666,5444,3,18,6,0,344,86,574,1,5,11,24,45,294,380,145,238,76,6,37627172,37064080,1673736,940176,371
05-30 07:22:26,1231047,174846,150270,24576,769128,751364,17763,634,5493,3,18,6,1,348,91,577,1,5,12,13,49,266,375,144,205,77,6,37627172,37172948,1673736,906232,373
05-30 07:27:28,1203042,171794,147218,24576,755312,734665,20647,604,5388,3,18,6,0,335,86,571,1,5,11,13,43,231,377,145,176,76,6,37627172,36939196,1673736,872584,365
05-30 07:32:29,1212038,168475,143899,24576,752796,734894,17902,639,5144,3,18,6,1,346,88,558,1,5,12,16,49,259,385,147,202,77,6,37627172,37176704,1673736,881408,374
05-30 07:37:31,1236250,170509,145933,24576,790764,755179,35589,662,5177,3,18,6,0,350,86,561,1,5,11,19,42,242,388,147,186,76,6,37627172,37152160,1673736,921356,377
05-30 07:42:32,1231216,178078,153502,24576,790464,774178,16285,620,5374,3,18,6,0,358,87,562,1,5,11,22,44,252,389,148,197,76,6,37627172,37294724,1673736,921424,384
05-30 07:47:34,1199564,174600,150024,24576,741964,723792,18171,775,5100,3,18,6,1,346,88,546,1,5,12,20,62,252,395,165,197,77,8,37676964,37236480,1673736,870044,371
05-30 07:52:35,1229720,175457,150881,24576,813088,793908,19179,645,5173,3,18,6,0,348,88,550,1,5,11,24,93,260,382,146,205,76,6,37676964,37113420,1673736,910520,374
05-30 07:57:46,1199433,172280,147704,24576,736880,716151,20728,648,5010,3,18,6,1,337,88,540,1,5,12,14,63,298,379,145,239,77,6,37676964,36993560,1673736,864988,365
05-30 08:02:47,1192522,173336,148760,24576,729232,709570,19663,776,5043,3,18,6,1,339,87,544,1,5,12,27,89,296,379,145,241,77,8,37676964,37181912,1673736,878412,368
05-30 08:07:49,1191301,167889,143313,24576,709256,690297,18958,752,4892,3,18,6,1,341,86,544,1,5,12,8,41,241,389,148,186,77,8,37676964,37258496,1673736,818212,370
05-30 08:12:50,1199700,176566,152006,24560,766180,744734,21445,646,4893,3,18,6,1,353,89,551,1,5,12,15,88,277,424,209,218,77,6,37676964,37097080,1673736,879532,371
05-30 08:17:51,1184327,171612,147036,24576,702908,684017,18891,797,4897,3,18,6,1,340,88,545,1,5,12,19,57,278,381,146,222,78,8,37676964,37173080,1673736,823812,367
05-30 08:22:53,1233075,168005,143445,24560,747012,726430,20581,644,4877,3,18,6,1,343,86,545,1,5,12,15,45,254,383,146,197,77,6,37676964,37246664,1673736,893200,373
05-30 08:27:54,1176663,170369,145793,24576,712320,696568,15751,820,5099,3,18,6,1,349,90,561,1,5,12,16,44,262,385,147,206,79,8,37676964,37351284,1673736,847088,376
05-30 08:32:56,1229459,173874,149298,24576,772436,754875,17560,644,5479,3,18,6,1,356,90,590,1,5,12,15,49,281,389,148,221,77,6,37676964,37318928,1673736,892380,383
05-30 08:37:58,1215010,175126,150550,24576,780788,766199,14588,617,5600,3,18,6,0,345,86,605,1,6,12,22,43,273,389,148,218,76,6,37676964,37141324,1673736,885092,375
05-30 08:42:59,1197140,169285,144709,24576,737140,719064,18075,745,5363,3,18,6,1,337,87,588,1,5,12,11,44,319,381,146,264,77,8,37676964,37112256,1673736,861864,367
05-30 08:48:01,1216364,170960,146384,24576,769224,748243,20982,638,5343,3,18,6,1,335,86,589,1,5,12,17,45,292,381,146,231,77,6,37676964,37001184,1673736,871024,365
05-30 08:53:02,1214550,169478,144902,24576,811280,792425,18854,617,5153,3,18,6,0,343,85,587,1,5,11,32,84,244,384,146,189,76,6,37676964,37137796,1673736,913988,375
05-30 08:58:04,1187186,169220,144644,24576,702572,685765,16806,777,5167,3,18,6,1,349,88,587,1,5,12,16,41,286,385,147,231,77,8,37676964,37312036,1673736,811348,376
05-30 09:03:05,1253709,206326,181750,24576,730300,713482,16817,723,5206,3,18,6,1,352,87,602,1,5,12,30,43,251,397,150,195,79,8,37676964,37324252,1673736,867624,381
05-30 09:08:06,1095184,156944,132368,24576,647396,627734,19661,631,3571,1,16,4,0,326,86,478,1,0,3,22,42,230,377,138,183,73,6,37676964,36819928,1673736,766524,358